,Region,1990,1991,1992,1993,1994,1995,1996,1997,1998,1999,2000,2001,2002,2003,2004,2005,2006,2007,2008,2009,2010,2011,2012,2013,2014,2015,2016,2017,2018,2019
0,Адыгея,434788.0,436598.0,441280.0,446191.0,448480.0,449864.0,450358.0,450075.0,450810.0,450358.0,449052.0,447327.0,446628.0,446828.0,444848.0,443300.0,440993.0,438603.0,437900.0,439380.0,439760.0,439935.0,442451.0,444403.0,446406.0,449171.0,451480.0,453366.0,453376.0,454744.0
1,Алтайский край,2640419.0,2653818.0,2664886.0,2680334.0,2684297.0,2694271.0,2688035.0,2676677.0,2670454.0,2662738.0,2651628.0,2641079.0,2621050.0,2602595.0,2571987.0,2539430.0,2503510.0,2473024.0,2453455.0,2438910.0,2430765.0,2417358.0,2407230.0,2398751.0,2390638.0,2384812.0,2376774.0,2365680.0,2350080.0,2332813.0
2,Амурская область,1055337.0,1054267.0,1048649.0,1029516.0,1018407.0,995012.0,986417.0,974942.0,962023.0,949526.0,935607.0,923055.0,911381.0,901044.0,887781.0,874018.0,861056.0,850502.0,844290.0,838869.0,834905.0,828660.0,821573.0,816910.0,811274.0,809873.0,805689.0,801752.0,798424.0,793194.0
3,Архангельская область,1523509.0,1517293.0,1504339.0,1489573.0,1471475.0,1453656.0,1432697.0,1412345.0,1392100.0,1372631.0,1349160.0,1328187.0,1309552.0,1290956.0,1273668.0,1257312.0,1239924.0,1224813.0,1215264.0,1204347.0,1195378.0,1182776.0,1171096.0,1159506.0,1148760.0,1139950.0,1130240.0,1121813.0,1111031.0,1100290.0
4,Астраханская область,997516.0,1001044.0,1003253.0,1004737.0,1006099.0,1014170.0,1019171.0,1020576.0,1019880.0,1016372.0,1012385.0,1009281.0,1005510.0,1004780.0,1006073.0,1006467.0,1002517.0,1001300.0,1005897.0,1009926.0,1011120.0,1009801.0,1014972.0,1013840.0,1016516.0,1021287.0,1018626.0,1018866.0,1017514.0,1014065.0
5,Башкортостан,3941321.0,3962282.0,3987884.0,4022150.0,4037178.0,4062622.0,4084473.0,4098089.0,4107790.0,4117545.0,4119810.0,4115176.0,4108249.0,4102274.0,4094215.0,4081349.0,4066257.0,4053439.0,4054821.0,4059373.0,4068545.0,4072085.0,4064245.0,4060957.0,4069698.0,4071987.0,4071064.0,4066972.0,4063293.0,4051005.0
6,Белгородская область,1387455.0,1397986.0,1404959.0,1419743.0,1434551.0,1454923.0,1467562.0,1478580.0,1485855.0,1494868.0,1501699.0,1506976.0,1508137.0,1511899.0,1513860.0,1511662.0,1511715.0,1514153.0,1520102.0,1526258.0,1531781.0,1532353.0,1536073.0,1540985.0,1544108.0,1547936.0,1550137.0,1552865.0,1549876.0,1547418.0
7,Брянская область,1470953.0,1457987.0,1456025.0,1460144.0,1462308.0,1469251.0,1466792.0,1459181.0,1448275.0,1437471.0,1423178.0,1407965.0,1391430.0,1375004.0,1360249.0,1344132.0,1327652.0,1312748.0,1303343.0,1294251.0,1286540.0,1275354.0,1264416.0,1253666.0,1242599.0,1232940.0,1225741.0,1220530.0,1210982.0,1200187.0
8,Бурятия,1048063.0,1052038.0,1052030.0,1046176.0,1039946.0,1037366.0,1033258.0,1028533.0,1020468.0,1013433.0,1004808.0,996912.0,987289.0,979605.0,974561.0,970994.0,966914.0,964581.0,965156.0,966595.0,969736.0,971538.0,971391.0,971810.0,973860.0,978495.0,982284.0,984134.0,984511.0,983273.0
9,Владимирская область,1657068.0,1654489.0,1647701.0,1642469.0,1634028.0,1630514.0,1623677.0,1612692.0,1602911.0,1592184.0,1575507.0,1558052.0,1539179.0,1520057.0,1509571.0,1497598.0,1486453.0,1475861.0,1466743.0,1457937.0,1449773.0,1441129.0,1431932.0,1421742.0,1413321.0,1405613.0,1397168.0,1389599.0,1378337.0,1365805.0
10,Волгоградская область,2620147.0,2641862.0,2656164.0,2676779.0,2693887.0,2717867.0,2738015.0,2746454.0,2751385.0,2750443.0,2738531.0,2725433.0,2709610.0,2694232.0,2672392.0,2656212.0,2640392.0,2629959.0,2623128.0,2618062.0,2614165.0,2607505.0,2594825.0,2583002.0,2569126.0,2557397.0,2545937.0,2535202.0,2521276.0,2507509.0
11,Вологодская область,1354471.0,1353799.0,1353220.0,1351869.0,1348063.0,1339926.0,1332505.0,1324722.0,1317144.0,1309832.0,1299611.0,1290370.0,1278543.0,1266848.0,1255924.0,1245769.0,1234940.0,1225780.0,1219775.0,1214135.0,1208364.0,1201190.0,1198546.0,1196196.0,1193371.0,1191010.0,1187685.0,1183860.0,1176689.0,1167713.0
12,Воронежская область,2471569.0,2469031.0,2467384.0,2478686.0,2488228.0,2494979.0,2490675.0,2484790.0,2470308.0,2458558.0,2441337.0,2422371.0,2397111.0,2374461.0,2367457.0,2364932.0,2360912.0,2353805.0,2344413.0,2338997.0,2334895.0,2334809.0,2331506.0,2330377.0,2328959.0,2331147.0,2333477.0,2335408.0,2333768.0,2327821.0
13,Дагестан,1820164.0,1875345.0,1937297.0,1990359.0,2033523.0,2200039.0,2218427.0,2283187.0,2332837.0,2392292.0,2442609.0,2486002.0,2536077.0,2581412.0,2617502.0,2652711.0,2692619.0,2735837.0,2788600.0,2826525.0,2868759.0,2914204.0,2930449.0,2946035.0,2963918.0,2990371.0,3015660.0,3041900.0,3063885.0,3086126.0
14,Еврейская автономная область,218330.0,219458.0,220231.0,217801.0,215960.0,209552.0,207190.0,204403.0,201724.0,199172.0,195135.0,193198.0,191899.0,190585.0,188412.0,185763.0,181653.0,179405.0,178711.0,178148.0,177500.0,176304.0,174412.0,172671.0,170377.0,168368.0,166120.0,164217.0,162014.0,159913.0
15,Забайкальский край,1320562.0,1317948.0,1307810.0,1283764.0,1269690.0,1256389.0,1247668.0,1234397.0,1219795.0,1207030.0,1192819.0,1178824.0,1165435.0,1152596.0,1142687.0,1132780.0,1123327.0,1115143.0,1111439.0,1109196.0,1108973.0,1106155.0,1099396.0,1095169.0,1090344.0,1087452.0,1083012.0,1078983.0,1072806.0,1065785.0
16,Ивановская область,1295215.0,1292642.0,1285299.0,1279087.0,1269218.0,1260347.0,1248793.0,1235701.0,1222691.0,1210603.0,1194595.0,1178969.0,1161861.0,1144540.0,1131027.0,1116739.0,1101862.0,1089837.0,1081112.0,1074309.0,1067788.0,1060109.0,1054040.0,1048961.0,1043130.0,1036909.0,1029838.0,1023170.0,1014646.0,1004180.0
17,Ингушетия,189340.0,192642.0,194105.0,195821.0,194171.0,263092.0,282342.0,291209.0,296294.0,301745.0,340028.0,445443.0,455519.0,468773.0,451933.0,433685.0,417392.0,406739.0,406621.0,409210.0,411736.0,414524.0,430495.0,442255.0,453010.0,463893.0,472776.0,480474.0,488043.0,497393.0
18,Иркутская область,2794858.0,2797005.0,2793856.0,2784043.0,2764225.0,2748073.0,2727374.0,2708178.0,2686284.0,2667886.0,2644022.0,2623183.0,2599675.0,2577702.0,2552298.0,2524080.0,2492143.0,2467383.0,2455410.0,2448287.0,2440391.0,2427954.0,2424355.0,2422026.0,2418348.0,2414913.0,2412800.0,2408901.0,2404195.0,2397763.0
19,Кабардино-Балкария,762288.0,780768.0,794380.0,803318.0,810033.0,821149.0,834504.0,846310.0,860502.0,870822.0,878990.0,886698.0,894356.0,901051.0,889639.0,877308.0,866158.0,858460.0,857282.0,858126.0,859576.0,859792.0,859063.0,858946.0,858397.0,860709.0,862254.0,864454.0,865828.0,866219.0
20,Калининградская область,881211.0,890627.0,898578.0,911348.0,919306.0,933735.0,940242.0,944252.0,952698.0,961257.0,958782.0,957533.0,955449.0,954093.0,947887.0,942098.0,936574.0,934330.0,935297.0,936613.0,938633.0,941823.0,946796.0,954773.0,963128.0,968944.0,976439.0,986261.0,994599.0,1002187.0
21,Калмыкия,325040.0,327956.0,325524.0,319605.0,318032.0,316633.0,314656.0,313103.0,312031.0,310457.0,308347.0,307281.0,297583.0,291850.0,292168.0,293179.0,293515.0,293011.0,291654.0,290277.0,289672.0,288902.0,286689.0,284140.0,282021.0,280564.0,278733.0,277803.0,275413.0,272647.0
22,Калужская область,1068443.0,1073948.0,1074673.0,1079108.0,1080681.0,1087278.0,1088982.0,1086767.0,1084479.0,1079831.0,1070426.0,1060285.0,1049614.0,1038614.0,1031655.0,1027581.0,1023341.0,1020141.0,1017726.0,1015597.0,1014996.0,1009191.0,1008229.0,1005585.0,1004544.0,1010486.0,1009772.0,1014570.0,1012156.0,1009380.0
23,Камчатский край,476911.0,478541.0,475987.0,458899.0,439750.0,421582.0,406393.0,397007.0,388255.0,380481.0,372308.0,366400.0,361646.0,357917.0,350510.0,343908.0,336594.0,330810.0,327949.0,325179.0,323165.0,321659.0,320156.0,320549.0,319864.0,317269.0,316116.0,314729.0,315557.0,314723.0
24,Карачаево-Черкесия,419136.0,424842.0,428795.0,433088.0,433470.0,435474.0,437950.0,439201.0,440354.0,441281.0,439981.0,440621.0,439803.0,438853.0,444342.0,450220.0,454487.0,461650.0,466366.0,470064.0,473792.0,477403.0,474675.0,471847.0,469837.0,469060.0,467797.0,466432.0,466305.0,465563.0
25,Карелия,791719.0,791459.0,789509.0,786088.0,778118.0,770690.0,763360.0,756003.0,749837.0,743573.0,735462.0,728813.0,721538.0,715213.0,702847.0,689601.0,676041.0,665032.0,659404.0,653766.0,648718.0,642582.0,639681.0,636932.0,634402.0,632533.0,629875.0,627083.0,622484.0,618056.0
26,Кемеровская область,3099236.0,3100688.0,3098685.0,3093199.0,3072515.0,3065197.0,3047514.0,3024528.0,3002297.0,2985392.0,2963439.0,2942264.0,2917769.0,2893448.0,2862105.0,2832963.0,2805941.0,2785999.0,2780231.0,2776358.0,2772964.0,2761255.0,2750829.0,2742450.0,2734075.0,2724990.0,2717627.0,2708844.0,2694877.0,2674256.0
27,Кировская область,1651726.0,1648962.0,1645091.0,1641886.0,1632494.0,1623370.0,1609480.0,1595919.0,1581490.0,1568722.0,1553595.0,1536772.0,1518378.0,1498976.0,1472481.0,1445356.0,1418645.0,1396017.0,1379383.0,1365003.0,1352692.0,1338758.0,1327915.0,1319076.0,1310929.0,1304348.0,1297474.0,1291684.0,1283238.0,1272109.0
28,Костромская область,804999.0,804405.0,801880.0,799790.0,796563.0,794082.0,788538.0,782010.0,775987.0,769681.0,761907.0,753972.0,743967.0,734453.0,723142.0,711978.0,699761.0,689815.0,683416.0,677793.0,672938.0,666391.0,661764.0,658906.0,656389.0,654390.0,651450.0,648157.0,643324.0,637267.0
29,Краснодарский край,4638102.0,4690810.0,4763741.0,4864010.0,4940794.0,5020837.0,5076003.0,5114523.0,5128485.0,5130451.0,5133449.0,5132798.0,5131618.0,5119857.0,5114905.0,5118903.0,5127251.0,5142911.0,5170686.0,5194439.0,5214222.0,5229998.0,5284464.0,5330181.0,5404273.0,5453329.0,5513804.0,5570945.0,5603420.0,5648235.0
30,Красноярский край,3155929.0,3163370.0,3164219.0,3160594.0,3139464.0,3113809.0,3099424.0,3085791.0,3067863.0,3048716.0,3022092.0,3000891.0,2981746.0,2961871.0,2931905.0,2901930.0,2869315.0,2845425.0,2837013.0,2832591.0,2832854.0,2829105.0,2838396.0,2846475.0,2852810.0,2858773.0,2866490.0,2875301.0,2876497.0,2874026.0
31,Крым,2065829.0,,,,,,,,,,,,,,,,,,,,,,,,,1895915.0,1907106.0,1912168.0,1913731.0,1911818.0
32,Курганская область,1107280.0,1105017.0,1106527.0,1106598.0,1100563.0,1099645.0,1090355.0,1080825.0,1074789.0,1068503.0,1059515.0,1047114.0,1030748.0,1016184.0,999446.0,981029.0,961815.0,946068.0,934512.0,925180.0,918585.0,908813.0,896264.0,885759.0,877149.0,869814.0,861896.0,854109.0,845537.0,834701.0
33,Курская область,1332957.0,1328929.0,1325156.0,1328161.0,1329266.0,1331632.0,1325420.0,1317566.0,1307963.0,1296206.0,1281733.0,1266467.0,1248588.0,1231097.0,1213372.0,1195812.0,1177627.0,1161582.0,1151857.0,1143329.0,1134990.0,1125648.0,1121563.0,1119262.0,1118915.0,1117378.0,1120019.0,1122893.0,1115237.0,1107041.0
34,Ленинградская область,1667280.0,1675188.0,1678862.0,1680519.0,1676115.0,1682657.0,1685480.0,1689067.0,1692972.0,1693301.0,1686716.0,1680358.0,1672685.0,1667150.0,1673287.0,1681445.0,1685376.0,1691111.0,1692577.0,1698900.0,1704905.0,1718581.0,1733907.0,1751135.0,1763924.0,1775540.0,1778857.0,1791916.0,1813816.0,1847867.0
35,Липецкая область,1231486.0,1233419.0,1232409.0,1238911.0,1242943.0,1246839.0,1246232.0,1244644.0,1242645.0,1239185.0,1233679.0,1228106.0,1220476.0,1211008.0,1205271.0,1198580.0,1193890.0,1190408.0,1186707.0,1181981.0,1177052.0,1172026.0,1165916.0,1162235.0,1159866.0,1157865.0,1156093.0,1156221.0,1150201.0,1144035.0
36,Магаданская область,390276.0,384525.0,365311.0,323673.0,300157.0,266883.0,240215.0,229148.0,220533.0,211696.0,201974.0,193945.0,187218.0,181832.0,178069.0,173937.0,170397.0,166902.0,163989.0,160940.0,159002.0,156534.0,154485.0,152358.0,150312.0,148071.0,146345.0,145570.0,144091.0,141234.0
37,Марий Эл,753698.0,755359.0,757351.0,758363.0,757680.0,757834.0,756329.0,753448.0,750454.0,747446.0,743828.0,739091.0,732774.0,726730.0,722703.0,718260.0,713422.0,708546.0,704949.0,701609.0,699389.0,695482.0,692435.0,690349.0,688686.0,687435.0,685865.0,684684.0,682333.0,680380.0
38,Мордовия,963778.0,962340.0,960443.0,960671.0,958247.0,954348.0,949061.0,942694.0,935013.0,927437.0,918443.0,908152.0,897136.0,886165.0,878299.0,871848.0,864704.0,857903.0,851658.0,844962.0,839184.0,833263.0,825454.0,818566.0,812156.0,808888.0,807453.0,808541.0,805056.0,795504.0
39,Москва,8880124.0,9017415.0,9067808.0,9066025.0,9066612.0,9085457.0,9246727.0,9411236.0,9604297.0,9783242.0,9932932.0,10114203.0,10269900.0,10386903.0,10535681.0,10726429.0,10923762.0,11091428.0,11186851.0,11281631.0,11382161.0,11776764.0,11856578.0,11979529.0,12108257.0,12197596.0,12330126.0,12380664.0,12506468.0,12615279.0
40,Московская область,6700180.0,6720248.0,6719121.0,6704332.0,6677307.0,6671785.0,6660192.0,6657710.0,6657149.0,6653499.0,6628173.0,6613469.0,6609152.0,6616879.0,6671325.0,6736742.0,6783853.0,6846821.0,6895369.0,6958015.0,7024207.0,6870552.0,6955051.0,7048084.0,7133620.0,7231068.0,7318647.0,7423470.0,7503385.0,7599647.0
41,Мурманская область,1191468.0,1188785.0,1170371.0,1133261.0,1100549.0,1066924.0,1037162.0,1012124.0,987936.0,964065.0,941062.0,922875.0,905735.0,889809.0,873145.0,856939.0,839429.0,823978.0,815140.0,805554.0,799765.0,794077.0,787948.0,780401.0,771058.0,766281.0,762173.0,757621.0,753557.0,748056.0
42,Ненецкий автономный округ,51993.0,51667.0,50245.0,48235.0,46504.0,44526.0,43367.0,42549.0,41774.0,41513.0,41174.0,40931.0,40896.0,41699.0,41881.0,41906.0,41914.0,41854.0,41900.0,41857.0,42115.0,42104.0,42437.0,42789.0,43025.0,43373.0,43838.0,43937.0,43997.0,43829.0
43,Нижегородская область,3780256.0,3773185.0,3762340.0,3753098.0,3737364.0,3730590.0,3711116.0,3691689.0,3673896.0,3655489.0,3628222.0,3594476.0,3554696.0,3515673.0,3481080.0,3447896.0,3414325.0,3384358.0,3362817.0,3343719.0,3326812.0,3307648.0,3296947.0,3289841.0,3281496.0,3270203.0,3260267.0,3247713.0,3234752.0,3214623.0
44,Новгородская область,753369.0,751908.0,748820.0,746950.0,742100.0,739368.0,735557.0,731464.0,729747.0,726027.0,718565.0,710261.0,700859.0,692138.0,682965.0,674519.0,665616.0,657584.0,652198.0,645369.0,639697.0,632799.0,629748.0,625855.0,622430.0,618703.0,615692.0,612522.0,606476.0,600296.0
45,Новосибирская область,2742075.0,2744809.0,2749253.0,2746874.0,2733738.0,2732352.0,2732721.0,2729750.0,2732245.0,2734031.0,2725499.0,2715128.0,2703012.0,2688423.0,2674155.0,2665984.0,2654853.0,2647195.0,2642727.0,2648923.0,2661594.0,2666465.0,2686863.0,2709461.0,2731176.0,2746822.0,2762237.0,2779555.0,2788849.0,2793384.0
46,Омская область,2152578.0,2161266.0,2165262.0,2168933.0,2164114.0,2168597.0,2162178.0,2156283.0,2157338.0,2153911.0,2136058.0,2117291.0,2094735.0,2075422.0,2052741.0,2034091.0,2016288.0,2003282.0,1993290.0,1987716.0,1983985.0,1976560.0,1974820.0,1973985.0,1973876.0,1978183.0,1978466.0,1972682.0,1960081.0,1944195.0
47,Оренбургская область,2151097.0,2159743.0,2168257.0,2182602.0,2196785.0,2213038.0,2218052.0,2215936.0,2218082.0,2217558.0,2211204.0,2203616.0,2189876.0,2176000.0,2149942.0,2122459.0,2093495.0,2067890.0,2055701.0,2044256.0,2042043.0,2031497.0,2023665.0,2016086.0,2008566.0,2001110.0,1994762.0,1989589.0,1977720.0,1963007.0
48,Орловская область,895123.0,898256.0,899207.0,903489.0,907552.0,909379.0,905510.0,900489.0,895703.0,891035.0,884269.0,876672.0,867553.0,858312.0,847051.0,835165.0,822096.0,811389.0,805207.0,798855.0,793144.0,785592.0,781281.0,775826.0,769980.0,765231.0,759721.0,754816.0,747247.0,739467.0
49,Пензенская область,1546079.0,1547825.0,1547783.0,1553447.0,1553178.0,1553563.0,1545529.0,1534965.0,1524599.0,1514283.0,1500196.0,1484149.0,1466215.0,1449233.0,1439986.0,1431060.0,1420065.0,1411733.0,1405351.0,1398160.0,1392414.0,1384006.0,1376538.0,1368657.0,1360587.0,1355618.0,1348703.0,1341526.0,1331655.0,1318103.0
50,Пермский край,3027958.0,3022108.0,3012524.0,3003412.0,2982229.0,2963942.0,2943491.0,2926057.0,2909664.0,2896771.0,2878903.0,2858588.0,2837146.0,2813770.0,2783049.0,2751562.0,2718765.0,2691600.0,2673957.0,2660359.0,2648654.0,2633550.0,2631073.0,2634461.0,2636154.0,2637032.0,2634409.0,2632097.0,2623122.0,2610800.0
51,Приморский край,2296684.0,2309701.0,2314531.0,2302779.0,2284070.0,2266303.0,2241793.0,2217109.0,2191952.0,2167274.0,2141025.0,2120467.0,2085743.0,2067342.0,2048582.0,2028377.0,2006536.0,1988580.0,1977392.0,1969602.0,1965178.0,1953545.0,1950483.0,1947263.0,1938516.0,1933308.0,1929008.0,1923116.0,1913037.0,1902718.0
52,Псковская область,844140.0,842905.0,837683.0,836046.0,832136.0,830017.0,826283.0,820534.0,813095.0,804632.0,793239.0,781844.0,769653.0,758119.0,746750.0,734520.0,720770.0,708234.0,699591.0,690335.0,681892.0,671272.0,666924.0,661507.0,656561.0,651108.0,646374.0,642164.0,636546.0,629651.0
53,Республика Алтай,193275.0,195577.0,196962.0,196371.0,196977.0,198542.0,199879.0,199933.0,200461.0,201699.0,202441.0,203030.0,202945.0,203038.0,202571.0,202333.0,201674.0,201744.0,203128.0,204687.0,205386.0,206530.0,208425.0,210344.0,211645.0,213703.0,215161.0,217007.0,218063.0,218866.0
54,Республика Коми,1248891.0,1239885.0,1222134.0,1206079.0,1192063.0,1156750.0,1132650.0,1115737.0,1095723.0,1077990.0,1057873.0,1042880.0,1029644.0,1016040.0,999857.0,982890.0,962952.0,944816.0,934867.0,922321.0,911977.0,899215.0,889837.0,880639.0,872057.0,864424.0,856831.0,850554.0,840873.0,830235.0
55,Республика Тыва,312576.0,304459.0,303300.0,302348.0,302160.0,303452.0,305042.0,305404.0,305316.0,306169.0,306152.0,305729.0,305216.0,305493.0,304957.0,304066.0,302889.0,302357.0,303783.0,305306.0,307323.0,308132.0,309347.0,310460.0,311761.0,313777.0,315637.0,318550.0,321722.0,324423.0
56,Ростовская область,4307956.0,4344528.0,4370389.0,4404578.0,4438295.0,4481882.0,4490759.0,4495520.0,4487864.0,4475367.0,4454446.0,4439314.0,4417648.0,4396672.0,4375520.0,4352715.0,4332443.0,4314652.0,4297613.0,4292469.0,4284775.0,4275223.0,4260643.0,4254613.0,4245532.0,4242080.0,4236000.0,4231355.0,4220452.0,4202320.0
57,Рязанская область,1350263.0,1350283.0,1344383.0,1341302.0,1335735.0,1330682.0,1321534.0,1311627.0,1300005.0,1288562.0,1274503.0,1258828.0,1240958.0,1223738.0,1210325.0,1199404.0,1188811.0,1181504.0,1174337.0,1167904.0,1161805.0,1151838.0,1148457.0,1144650.0,1140844.0,1135438.0,1130103.0,1126739.0,1121474.0,1114137.0
58,Самарская область,3236370.0,3247267.0,3253228.0,3268767.0,3278648.0,3300594.0,3306798.0,3305543.0,3304284.0,3302566.0,3291598.0,3275823.0,3254055.0,3235699.0,3229151.0,3225275.0,3225643.0,3223938.0,3220938.0,3221513.0,3220910.0,3215311.0,3214065.0,3213289.0,3211187.0,3212676.0,3205975.0,3203679.0,3193514.0,3183038.0
59,Санкт-Петербург,5002444.0,5007469.0,4986405.0,4942891.0,4881563.0,4845407.0,4820213.0,4806641.0,4783982.0,4770897.0,4741923.0,4714844.0,4688414.0,4656474.0,4662038.0,4686491.0,4712854.0,4747550.0,4764864.0,4798713.0,4832759.0,4899344.0,4953219.0,5028000.0,5131942.0,5191690.0,5225690.0,5281579.0,5351935.0,5383890.0
60,Саратовская область,2697733.0,2705042.0,2707547.0,2718415.0,2724629.0,2734819.0,2736461.0,2725785.0,2721776.0,2719990.0,2710645.0,2699385.0,2682054.0,2663481.0,2639528.0,2615575.0,2591231.0,2572396.0,2558322.0,2545296.0,2535434.0,2519282.0,2508754.0,2503305.0,2496552.0,2493024.0,2487529.0,2479260.0,2462950.0,2440815.0
61,Сахалинская область,713981.0,715333.0,714320.0,706651.0,688638.0,659444.0,629939.0,612329.0,595594.0,581305.0,569234.0,560049.0,552155.0,545008.0,536783.0,529813.0,521121.0,513452.0,509364.0,504896.0,501279.0,496739.0,495402.0,493302.0,491027.0,488391.0,487293.0,487344.0,490181.0,489638.0
62,Свердловская область,4765879.0,4766249.0,4754897.0,4732538.0,4700591.0,4678975.0,4660022.0,4641304.0,4625057.0,4607587.0,4577515.0,4545942.0,4514084.0,4477552.0,4434165.0,4394041.0,4356425.0,4330579.0,4320114.0,4314337.0,4308472.0,4297227.0,4307594.0,4315830.0,4320677.0,4327472.0,4330006.0,4329341.0,4325256.0,4315699.0
63,Севастополь,392826.0,,,,,,,,,,,,,,,,,,,,,,,,,398973.0,416263.0,428753.0,436670.0,443212.0
64,Северная Осетия,646348.0,652114.0,705019.0,661783.0,661144.0,670701.0,677237.0,681778.0,681150.0,684130.0,693564.0,704351.0,709630.0,709671.0,707679.0,706393.0,706896.0,708800.0,711509.0,711661.0,711725.0,712481.0,709032.0,706123.0,703977.0,705270.0,703745.0,703262.0,701765.0,699253.0
65,Смоленская область,1158429.0,1157671.0,1152141.0,1151759.0,1151190.0,1155593.0,1150646.0,1141255.0,1129220.0,1116371.0,1099389.0,1082207.0,1063269.0,1045878.0,1039132.0,1032297.0,1025442.0,1017901.0,1009016.0,1000711.0,993018.0,982887.0,980482.0,975188.0,967896.0,964791.0,958630.0,953201.0,949348.0,942363.0
66,Ставропольский край,2435834.0,2477730.0,2522703.0,2575440.0,2619617.0,2663817.0,2690808.0,2706028.0,2721854.0,2735469.0,2740927.0,2740899.0,2736173.0,2732502.0,2739065.0,2741116.0,2746873.0,2747079.0,2759676.0,2767618.0,2777696.0,2785524.0,2787030.0,2790785.0,2794508.0,2799473.0,2801597.0,2804383.0,2800674.0,2795243.0
67,Тамбовская область,1319338.0,1312283.0,1303360.0,1303773.0,1301227.0,1298622.0,1288503.0,1276001.0,1261659.0,1247855.0,1231054.0,1213591.0,1193381.0,1174233.0,1161854.0,1150828.0,1138550.0,1127014.0,1116438.0,1107810.0,1099650.0,1089700.0,1082545.0,1075748.0,1068934.0,1062421.0,1050295.0,1040327.0,1033552.0,1015966.0
68,Татарстан,3653969.0,3675425.0,3692334.0,3719831.0,3740811.0,3751808.0,3761178.0,3770046.0,3780352.0,3789259.0,3789688.0,3786845.0,3781867.0,3777667.0,3773105.0,3768167.0,3761600.0,3763106.0,3766778.0,3773526.0,3784458.0,3787485.0,3803189.0,3822038.0,3838230.0,3855037.0,3868730.0,3885253.0,3894284.0,3898628.0
69,Тверская область,1666534.0,1662810.0,1648880.0,1639834.0,1627224.0,1621424.0,1612273.0,1599359.0,1583755.0,1566617.0,1543796.0,1519569.0,1491451.0,1465568.0,1447825.0,1432612.0,1415272.0,1398847.0,1386952.0,1375415.0,1365329.0,1350086.0,1342200.0,1334061.0,1325249.0,1315071.0,1304744.0,1296799.0,1283873.0,1269636.0
70,Томская область,1075182.0,1078142.0,1078596.0,1075425.0,1067978.0,1071723.0,1069603.0,1066057.0,1064294.0,1062469.0,1057846.0,1054272.0,1049770.0,1045539.0,1037952.0,1029944.0,1024294.0,1023063.0,1026307.0,1031522.0,1040245.0,1048538.0,1057748.0,1064245.0,1070128.0,1074453.0,1076762.0,1078891.0,1078280.0,1077442.0
71,Тульская область,1856206.0,1849299.0,1838700.0,1834100.0,1826600.0,1819774.0,1809657.0,1796605.0,1782063.0,1765958.0,1743368.0,1719665.0,1694008.0,1669792.0,1649221.0,1631778.0,1615194.0,1600138.0,1587959.0,1576346.0,1564654.0,1550330.0,1544545.0,1532436.0,1521497.0,1513570.0,1506446.0,1499417.0,1491855.0,1478818.0
72,Тюменская область,1394091.0,1401243.0,1401423.0,1400387.0,1393935.0,1394906.0,1386063.0,1375612.0,1371645.0,1368028.0,1362418.0,1352532.0,1336496.0,1323533.0,1317268.0,1311562.0,1308653.0,1309889.0,1315355.0,1324409.0,1333432.0,1343206.0,1361642.0,1385008.0,1409426.0,1429232.0,1454626.0,1477903.0,1498779.0,1518695.0
73,Удмуртия,1611461.0,1616684.0,1622149.0,1624841.0,1620134.0,1617386.0,1612618.0,1607712.0,1603960.0,1601409.0,1595571.0,1588054.0,1578187.0,1568176.0,1561092.0,1554292.0,1545820.0,1538602.0,1532946.0,1528236.0,1525117.0,1520390.0,1518091.0,1517692.0,1517050.0,1517472.0,1517164.0,1516826.0,1513044.0,1507390.0
74,Ульяновская область,1410878.0,1421291.0,1432140.0,1447819.0,1462824.0,1472730.0,1470364.0,1461436.0,1450080.0,1439759.0,1427375.0,1413571.0,1395882.0,1378931.0,1366879.0,1354580.0,1340335.0,1325914.0,1316217.0,1308692.0,1301689.0,1290478.0,1282094.0,1274487.0,1267561.0,1262549.0,1257621.0,1252887.0,1246618.0,1238416.0
75,Хабаровский край,1619663.0,1624704.0,1624416.0,1607662.0,1591454.0,1566602.0,1543701.0,1525062.0,1509513.0,1493881.0,1473876.0,1459908.0,1446177.0,1434242.0,1416224.0,1396800.0,1376260.0,1359894.0,1354848.0,1351123.0,1349230.0,1342887.0,1342475.0,1342083.0,1339912.0,1338305.0,1334552.0,1333294.0,1328302.0,1321473.0
76,Хакасия,570934.0,572444.0,573998.0,574367.0,573123.0,571865.0,570247.0,567153.0,564318.0,561366.0,557481.0,554411.0,549489.0,545198.0,541414.0,537973.0,533824.0,531140.0,531307.0,531874.0,532739.0,532286.0,532135.0,533025.0,534079.0,535796.0,536781.0,537668.0,537513.0,536167.0
77,Ханты-Мансийский автономный округ,1267030.0,1280139.0,1271505.0,1267751.0,1279483.0,1292985.0,1303285.0,1316774.0,1342991.0,1359069.0,1359646.0,1383449.0,1411867.0,1437729.0,1453541.0,1462194.0,1467792.0,1475188.0,1491240.0,1504319.0,1521222.0,1537134.0,1561238.0,1584063.0,1597248.0,1612076.0,1626755.0,1646078.0,1655074.0,1663795.0
78,Челябинская область,3701694.0,3706378.0,3703516.0,3700052.0,3682673.0,3690940.0,3679343.0,3668236.0,3670174.0,3671985.0,3660112.0,3643949.0,3621426.0,3597659.0,3569284.0,3541787.0,3516661.0,3496983.0,3489092.0,3484809.0,3481818.0,3475634.0,3480142.0,3485272.0,3490053.0,3497274.0,3500716.0,3502323.0,3493036.0,3475753.0
79,Чечня,1100334.0,1171514.0,1224703.0,1280519.0,1307071.0,1227980.0,1224986.0,1174877.0,1166896.0,1159839.0,1110237.0,996427.0,1072867.0,1105378.0,1116910.0,1133172.0,1152335.0,1171975.0,1196920.0,1224389.0,1249898.0,1275113.0,1302165.0,1324767.0,1346438.0,1370268.0,1394172.0,1414865.0,1436981.0,1456951.0
80,Чувашия,1337182.0,1339822.0,1344014.0,1347818.0,1345489.0,1345431.0,1343966.0,1341946.0,1339194.0,1338819.0,1334219.0,1327743.0,1319498.0,1311737.0,1301632.0,1291065.0,1278903.0,1268614.0,1263016.0,1258239.0,1255852.0,1250518.0,1247012.0,1243431.0,1239984.0,1238071.0,1236628.0,1235863.0,1231117.0,1223395.0
81,Чукотский автономный округ,162135.0,158056.0,147930.0,124351.0,111422.0,95769.0,84451.0,77917.0,72245.0,67010.0,61613.0,57534.0,55309.0,53137.0,51933.0,51815.0,52391.0,52913.0,52825.0,52138.0,51179.0,50346.0,50988.0,50780.0,50555.0,50540.0,50157.0,49822.0,49348.0,49663.0
82,Якутия,1111480.0,1118983.0,1100342.0,1079678.0,1064617.0,1037155.0,1020320.0,1010110.0,994966.0,977117.0,962507.0,957478.0,951478.0,948636.0,949969.0,953170.0,954394.0,956099.0,958929.0,958056.0,958338.0,958258.0,955859.0,955580.0,954803.0,956896.0,959689.0,962835.0,964330.0,967009.0
83,Ямало-Ненецкий автономный округ,489161.0,488577.0,477111.0,463790.0,467467.0,478033.0,487050.0,491900.0,497900.0,498996.0,496292.0,498271.0,503121.0,508600.0,510846.0,514581.0,517385.0,521621.0,524012.0,522966.0,524141.0,524925.0,536558.0,541612.0,539671.0,539985.0,534104.0,536049.0,538547.0,541479.0
84,Ярославская область,1472126.0,1473837.0,1469449.0,1464220.0,1456922.0,1452718.0,1446797.0,1437494.0,1428690.0,1419433.0,1406111.0,1393727.0,1378417.0,1364374.0,1347055.0,1329799.0,1312813.0,1299965.0,1292536.0,1286122.0,1280088.0,1271006.0,1271030.0,1271672.0,1271766.0,1271629.0,1271912.0,1270736.0,1265684.0,1259612.0
